<?xml version="1.0" encoding="UTF-8"?>
<spirit:component xmlns:xilinx="http://www.xilinx.com" xmlns:spirit="http://www.spiritconsortium.org/XMLSchema/SPIRIT/1685-2009" xmlns:xsi="http://www.w3.org/2001/XMLSchema-instance">
  <spirit:vendor>user.org</spirit:vendor>
  <spirit:library>user</spirit:library>
  <spirit:name>buffer1</spirit:name>
  <spirit:version>1.0</spirit:version>
  <spirit:busInterfaces>
    <spirit:busInterface>
      <spirit:name>M_AXIS</spirit:name>
      <spirit:busType spirit:vendor="xilinx.com" spirit:library="interface" spirit:name="axis" spirit:version="1.0"/>
      <spirit:abstractionType spirit:vendor="xilinx.com" spirit:library="interface" spirit:name="axis_rtl" spirit:version="1.0"/>
      <spirit:master/>
      <spirit:portMaps>
        <spirit:portMap>
          <spirit:logicalPort>
            <spirit:name>TDATA</spirit:name>
          </spirit:logicalPort>
          <spirit:physicalPort>
            <spirit:name>m_axis_tdata</spirit:name>
          </spirit:physicalPort>
        </spirit:portMap>
        <spirit:portMap>
          <spirit:logicalPort>
            <spirit:name>TSTRB</spirit:name>
          </spirit:logicalPort>
          <spirit:physicalPort>
            <spirit:name>m_axis_tstrb</spirit:name>
          </spirit:physicalPort>
        </spirit:portMap>
        <spirit:portMap>
          <spirit:logicalPort>
            <spirit:name>TLAST</spirit:name>
          </spirit:logicalPort>
          <spirit:physicalPort>
            <spirit:name>m_axis_tlast</spirit:name>
          </spirit:physicalPort>
        </spirit:portMap>
        <spirit:portMap>
          <spirit:logicalPort>
            <spirit:name>TVALID</spirit:name>
          </spirit:logicalPort>
          <spirit:physicalPort>
            <spirit:name>m_axis_tvalid</spirit:name>
          </spirit:physicalPort>
        </spirit:portMap>
        <spirit:portMap>
          <spirit:logicalPort>
            <spirit:name>TREADY</spirit:name>
          </spirit:logicalPort>
          <spirit:physicalPort>
            <spirit:name>m_axis_tready</spirit:name>
          </spirit:physicalPort>
        </spirit:portMap>
      </spirit:portMaps>
      <spirit:parameters>
        <spirit:parameter>
          <spirit:name>WIZ_DATA_WIDTH</spirit:name>
          <spirit:value spirit:format="long" spirit:id="BUSIFPARAM_VALUE.M_AXIS.WIZ_DATA_WIDTH" spirit:choiceRef="choice_list_6fc15197">32</spirit:value>
        </spirit:parameter>
      </spirit:parameters>
    </spirit:busInterface>
    <spirit:busInterface>
      <spirit:name>M_AXIS_RST</spirit:name>
      <spirit:busType spirit:vendor="xilinx.com" spirit:library="signal" spirit:name="reset" spirit:version="1.0"/>
      <spirit:abstractionType spirit:vendor="xilinx.com" spirit:library="signal" spirit:name="reset_rtl" spirit:version="1.0"/>
      <spirit:slave/>
      <spirit:portMaps>
        <spirit:portMap>
          <spirit:logicalPort>
            <spirit:name>RST</spirit:name>
          </spirit:logicalPort>
          <spirit:physicalPort>
            <spirit:name>m_axis_aresetn</spirit:name>
          </spirit:physicalPort>
        </spirit:portMap>
      </spirit:portMaps>
      <spirit:parameters>
        <spirit:parameter>
          <spirit:name>POLARITY</spirit:name>
          <spirit:value spirit:id="BUSIFPARAM_VALUE.M_AXIS_RST.POLARITY" spirit:choiceRef="choice_list_9d8b0d81">ACTIVE_LOW</spirit:value>
        </spirit:parameter>
      </spirit:parameters>
    </spirit:busInterface>
    <spirit:busInterface>
      <spirit:name>M_AXIS_CLK</spirit:name>
      <spirit:busType spirit:vendor="xilinx.com" spirit:library="signal" spirit:name="clock" spirit:version="1.0"/>
      <spirit:abstractionType spirit:vendor="xilinx.com" spirit:library="signal" spirit:name="clock_rtl" spirit:version="1.0"/>
      <spirit:slave/>
      <spirit:portMaps>
        <spirit:portMap>
          <spirit:logicalPort>
            <spirit:name>CLK</spirit:name>
          </spirit:logicalPort>
          <spirit:physicalPort>
            <spirit:name>m_axis_aclk</spirit:name>
          </spirit:physicalPort>
        </spirit:portMap>
      </spirit:portMaps>
      <spirit:parameters>
        <spirit:parameter>
          <spirit:name>ASSOCIATED_BUSIF</spirit:name>
          <spirit:value spirit:id="BUSIFPARAM_VALUE.M_AXIS_CLK.ASSOCIATED_BUSIF">M_AXIS</spirit:value>
        </spirit:parameter>
        <spirit:parameter>
          <spirit:name>ASSOCIATED_RESET</spirit:name>
          <spirit:value spirit:id="BUSIFPARAM_VALUE.M_AXIS_CLK.ASSOCIATED_RESET">m_axis_aresetn</spirit:value>
        </spirit:parameter>
      </spirit:parameters>
    </spirit:busInterface>
  </spirit:busInterfaces>
  <spirit:model>
    <spirit:views>
      <spirit:view>
        <spirit:name>xilinx_verilogsynthesis</spirit:name>
        <spirit:displayName>Verilog Synthesis</spirit:displayName>
        <spirit:envIdentifier>verilogSource:vivado.xilinx.com:synthesis</spirit:envIdentifier>
        <spirit:language>verilog</spirit:language>
        <spirit:modelName>buffer1_v1_0</spirit:modelName>
        <spirit:fileSetRef>
          <spirit:localName>xilinx_verilogsynthesis_view_fileset</spirit:localName>
        </spirit:fileSetRef>
        <spirit:parameters>
          <spirit:parameter>
            <spirit:name>viewChecksum</spirit:name>
            <spirit:value>4dd3d0f2</spirit:value>
          </spirit:parameter>
        </spirit:parameters>
      </spirit:view>
      <spirit:view>
        <spirit:name>xilinx_verilogbehavioralsimulation</spirit:name>
        <spirit:displayName>Verilog Simulation</spirit:displayName>
        <spirit:envIdentifier>verilogSource:vivado.xilinx.com:simulation</spirit:envIdentifier>
        <spirit:language>verilog</spirit:language>
        <spirit:modelName>buffer1_v1_0</spirit:modelName>
        <spirit:fileSetRef>
          <spirit:localName>xilinx_verilogbehavioralsimulation_view_fileset</spirit:localName>
        </spirit:fileSetRef>
        <spirit:parameters>
          <spirit:parameter>
            <spirit:name>viewChecksum</spirit:name>
            <spirit:value>4dd3d0f2</spirit:value>
          </spirit:parameter>
        </spirit:parameters>
      </spirit:view>
      <spirit:view>
        <spirit:name>xilinx_xpgui</spirit:name>
        <spirit:displayName>UI Layout</spirit:displayName>
        <spirit:envIdentifier>:vivado.xilinx.com:xgui.ui</spirit:envIdentifier>
        <spirit:fileSetRef>
          <spirit:localName>xilinx_xpgui_view_fileset</spirit:localName>
        </spirit:fileSetRef>
        <spirit:parameters>
          <spirit:parameter>
            <spirit:name>viewChecksum</spirit:name>
            <spirit:value>ad2d1cfc</spirit:value>
          </spirit:parameter>
        </spirit:parameters>
      </spirit:view>
      <spirit:view>
        <spirit:name>bd_tcl</spirit:name>
        <spirit:displayName>Block Diagram</spirit:displayName>
        <spirit:envIdentifier>:vivado.xilinx.com:block.diagram</spirit:envIdentifier>
        <spirit:fileSetRef>
          <spirit:localName>bd_tcl_view_fileset</spirit:localName>
        </spirit:fileSetRef>
        <spirit:parameters>
          <spirit:parameter>
            <spirit:name>viewChecksum</spirit:name>
            <spirit:value>45a2f450</spirit:value>
          </spirit:parameter>
        </spirit:parameters>
      </spirit:view>
    </spirit:views>
    <spirit:ports>
      <spirit:port>
        <spirit:name>PACKET_SIZE</spirit:name>
        <spirit:wire>
          <spirit:direction>in</spirit:direction>
          <spirit:vector>
            <spirit:left spirit:format="long">10</spirit:left>
            <spirit:right spirit:format="long">0</spirit:right>
          </spirit:vector>
          <spirit:wireTypeDefs>
            <spirit:wireTypeDef>
              <spirit:typeName>wire</spirit:typeName>
              <spirit:viewNameRef>xilinx_verilogsynthesis</spirit:viewNameRef>
              <spirit:viewNameRef>xilinx_verilogbehavioralsimulation</spirit:viewNameRef>
            </spirit:wireTypeDef>
          </spirit:wireTypeDefs>
        </spirit:wire>
      </spirit:port>
      <spirit:port>
        <spirit:name>m_axis_tdata</spirit:name>
        <spirit:wire>
          <spirit:direction>out</spirit:direction>
          <spirit:vector>
            <spirit:left spirit:format="long" spirit:resolve="dependent" spirit:dependency="(spirit:decode(id(&apos;MODELPARAM_VALUE.C_M_AXIS_TDATA_WIDTH&apos;)) - 1)">127</spirit:left>
            <spirit:right spirit:format="long">0</spirit:right>
          </spirit:vector>
          <spirit:wireTypeDefs>
            <spirit:wireTypeDef>
              <spirit:typeName>wire</spirit:typeName>
              <spirit:viewNameRef>xilinx_verilogsynthesis</spirit:viewNameRef>
              <spirit:viewNameRef>xilinx_verilogbehavioralsimulation</spirit:viewNameRef>
            </spirit:wireTypeDef>
          </spirit:wireTypeDefs>
        </spirit:wire>
      </spirit:port>
      <spirit:port>
        <spirit:name>m_axis_tstrb</spirit:name>
        <spirit:wire>
          <spirit:direction>out</spirit:direction>
          <spirit:vector>
            <spirit:left spirit:format="long" spirit:resolve="dependent" spirit:dependency="((spirit:decode(id(&apos;MODELPARAM_VALUE.C_M_AXIS_TDATA_WIDTH&apos;)) / 8) - 1)">15</spirit:left>
            <spirit:right spirit:format="long">0</spirit:right>
          </spirit:vector>
          <spirit:wireTypeDefs>
            <spirit:wireTypeDef>
              <spirit:typeName>wire</spirit:typeName>
              <spirit:viewNameRef>xilinx_verilogsynthesis</spirit:viewNameRef>
              <spirit:viewNameRef>xilinx_verilogbehavioralsimulation</spirit:viewNameRef>
            </spirit:wireTypeDef>
          </spirit:wireTypeDefs>
        </spirit:wire>
      </spirit:port>
      <spirit:port>
        <spirit:name>m_axis_tlast</spirit:name>
        <spirit:wire>
          <spirit:direction>out</spirit:direction>
          <spirit:wireTypeDefs>
            <spirit:wireTypeDef>
              <spirit:typeName>wire</spirit:typeName>
              <spirit:viewNameRef>xilinx_verilogsynthesis</spirit:viewNameRef>
              <spirit:viewNameRef>xilinx_verilogbehavioralsimulation</spirit:viewNameRef>
            </spirit:wireTypeDef>
          </spirit:wireTypeDefs>
        </spirit:wire>
      </spirit:port>
      <spirit:port>
        <spirit:name>m_axis_tvalid</spirit:name>
        <spirit:wire>
          <spirit:direction>out</spirit:direction>
          <spirit:wireTypeDefs>
            <spirit:wireTypeDef>
              <spirit:typeName>wire</spirit:typeName>
              <spirit:viewNameRef>xilinx_verilogsynthesis</spirit:viewNameRef>
              <spirit:viewNameRef>xilinx_verilogbehavioralsimulation</spirit:viewNameRef>
            </spirit:wireTypeDef>
          </spirit:wireTypeDefs>
        </spirit:wire>
      </spirit:port>
      <spirit:port>
        <spirit:name>m_axis_tready</spirit:name>
        <spirit:wire>
          <spirit:direction>in</spirit:direction>
          <spirit:wireTypeDefs>
            <spirit:wireTypeDef>
              <spirit:typeName>wire</spirit:typeName>
              <spirit:viewNameRef>xilinx_verilogsynthesis</spirit:viewNameRef>
              <spirit:viewNameRef>xilinx_verilogbehavioralsimulation</spirit:viewNameRef>
            </spirit:wireTypeDef>
          </spirit:wireTypeDefs>
        </spirit:wire>
      </spirit:port>
      <spirit:port>
        <spirit:name>m_axis_aclk</spirit:name>
        <spirit:wire>
          <spirit:direction>in</spirit:direction>
          <spirit:wireTypeDefs>
            <spirit:wireTypeDef>
              <spirit:typeName>wire</spirit:typeName>
              <spirit:viewNameRef>xilinx_verilogsynthesis</spirit:viewNameRef>
              <spirit:viewNameRef>xilinx_verilogbehavioralsimulation</spirit:viewNameRef>
            </spirit:wireTypeDef>
          </spirit:wireTypeDefs>
        </spirit:wire>
      </spirit:port>
      <spirit:port>
        <spirit:name>m_axis_aresetn</spirit:name>
        <spirit:wire>
          <spirit:direction>in</spirit:direction>
          <spirit:wireTypeDefs>
            <spirit:wireTypeDef>
              <spirit:typeName>wire</spirit:typeName>
              <spirit:viewNameRef>xilinx_verilogsynthesis</spirit:viewNameRef>
              <spirit:viewNameRef>xilinx_verilogbehavioralsimulation</spirit:viewNameRef>
            </spirit:wireTypeDef>
          </spirit:wireTypeDefs>
        </spirit:wire>
      </spirit:port>
    </spirit:ports>
    <spirit:modelParameters>
      <spirit:modelParameter xsi:type="spirit:nameValueTypeType" spirit:dataType="integer">
        <spirit:name>C_M_AXIS_TDATA_WIDTH</spirit:name>
        <spirit:displayName>C M AXIS TDATA WIDTH</spirit:displayName>
        <spirit:description>Width of S_AXIS address bus. The slave accepts the read and write addresses of width C_M_AXIS_TDATA_WIDTH.</spirit:description>
        <spirit:value spirit:format="long" spirit:resolve="generated" spirit:id="MODELPARAM_VALUE.C_M_AXIS_TDATA_WIDTH" spirit:order="3" spirit:rangeType="long">128</spirit:value>
      </spirit:modelParameter>
      <spirit:modelParameter spirit:dataType="integer">
        <spirit:name>C_M_AXIS_START_COUNT</spirit:name>
        <spirit:displayName>C M AXIS START COUNT</spirit:displayName>
        <spirit:description>Start count is the number of clock cycles the master will wait before initiating/issuing any transaction.</spirit:description>
        <spirit:value spirit:format="long" spirit:resolve="generated" spirit:id="MODELPARAM_VALUE.C_M_AXIS_START_COUNT" spirit:order="4" spirit:minimum="1" spirit:rangeType="long">128</spirit:value>
      </spirit:modelParameter>
    </spirit:modelParameters>
  </spirit:model>
  <spirit:choices>
    <spirit:choice>
      <spirit:name>choice_list_0132492a</spirit:name>
      <spirit:enumeration>32</spirit:enumeration>
      <spirit:enumeration>64</spirit:enumeration>
      <spirit:enumeration>128</spirit:enumeration>
    </spirit:choice>
    <spirit:choice>
      <spirit:name>choice_list_6fc15197</spirit:name>
      <spirit:enumeration>32</spirit:enumeration>
    </spirit:choice>
    <spirit:choice>
      <spirit:name>choice_list_9d8b0d81</spirit:name>
      <spirit:enumeration>ACTIVE_HIGH</spirit:enumeration>
      <spirit:enumeration>ACTIVE_LOW</spirit:enumeration>
    </spirit:choice>
  </spirit:choices>
  <spirit:fileSets>
    <spirit:fileSet>
      <spirit:name>xilinx_verilogsynthesis_view_fileset</spirit:name>
      <spirit:file>
        <spirit:name>hdl/buffer1_v1_0_M_AXIS.v</spirit:name>
        <spirit:fileType>verilogSource</spirit:fileType>
      </spirit:file>
      <spirit:file>
        <spirit:name>hdl/buffer1_v1_0.v</spirit:name>
        <spirit:fileType>verilogSource</spirit:fileType>
        <spirit:userFileType>CHECKSUM_d880f420</spirit:userFileType>
      </spirit:file>
    </spirit:fileSet>
    <spirit:fileSet>
      <spirit:name>xilinx_verilogbehavioralsimulation_view_fileset</spirit:name>
      <spirit:file>
        <spirit:name>hdl/buffer1_v1_0_M_AXIS.v</spirit:name>
        <spirit:fileType>verilogSource</spirit:fileType>
      </spirit:file>
      <spirit:file>
        <spirit:name>hdl/buffer1_v1_0.v</spirit:name>
        <spirit:fileType>verilogSource</spirit:fileType>
      </spirit:file>
    </spirit:fileSet>
    <spirit:fileSet>
      <spirit:name>xilinx_xpgui_view_fileset</spirit:name>
      <spirit:file>
        <spirit:name>xgui/buffer1_v1_0.tcl</spirit:name>
        <spirit:fileType>tclSource</spirit:fileType>
        <spirit:userFileType>CHECKSUM_ad2d1cfc</spirit:userFileType>
        <spirit:userFileType>XGUI_VERSION_2</spirit:userFileType>
      </spirit:file>
    </spirit:fileSet>
    <spirit:fileSet>
      <spirit:name>bd_tcl_view_fileset</spirit:name>
      <spirit:file>
        <spirit:name>bd/bd.tcl</spirit:name>
        <spirit:fileType>tclSource</spirit:fileType>
      </spirit:file>
    </spirit:fileSet>
  </spirit:fileSets>
  <spirit:description>My new AXI IP</spirit:description>
  <spirit:parameters>
    <spirit:parameter>
      <spirit:name>C_M_AXIS_TDATA_WIDTH</spirit:name>
      <spirit:displayName>C M AXIS TDATA WIDTH</spirit:displayName>
      <spirit:description>Width of S_AXIS address bus. The slave accepts the read and write addresses of width C_M_AXIS_TDATA_WIDTH.</spirit:description>
      <spirit:value spirit:format="long" spirit:resolve="user" spirit:id="PARAM_VALUE.C_M_AXIS_TDATA_WIDTH" spirit:choiceRef="choice_list_0132492a" spirit:order="3">128</spirit:value>
      <spirit:vendorExtensions>
        <xilinx:parameterInfo>
          <xilinx:enablement>
            <xilinx:isEnabled xilinx:id="PARAM_ENABLEMENT.C_M_AXIS_TDATA_WIDTH">false</xilinx:isEnabled>
          </xilinx:enablement>
        </xilinx:parameterInfo>
      </spirit:vendorExtensions>
    </spirit:parameter>
    <spirit:parameter>
      <spirit:name>C_M_AXIS_START_COUNT</spirit:name>
      <spirit:displayName>C M AXIS START COUNT</spirit:displayName>
      <spirit:description>Start count is the number of clock cycles the master will wait before initiating/issuing any transaction.</spirit:description>
      <spirit:value spirit:format="long" spirit:resolve="user" spirit:id="PARAM_VALUE.C_M_AXIS_START_COUNT" spirit:order="4" spirit:minimum="1" spirit:rangeType="long">128</spirit:value>
    </spirit:parameter>
    <spirit:parameter>
      <spirit:name>Component_Name</spirit:name>
      <spirit:value spirit:resolve="user" spirit:id="PARAM_VALUE.Component_Name" spirit:order="1">buffer1_v1_0</spirit:value>
    </spirit:parameter>
  </spirit:parameters>
  <spirit:vendorExtensions>
    <xilinx:coreExtensions>
      <xilinx:supportedFamilies>
        <xilinx:family xilinx:lifeCycle="Pre-Production">zynquplus</xilinx:family>
      </xilinx:supportedFamilies>
      <xilinx:taxonomies>
        <xilinx:taxonomy>AXI_Peripheral</xilinx:taxonomy>
      </xilinx:taxonomies>
      <xilinx:displayName>buffer1_v1.0</xilinx:displayName>
      <xilinx:coreRevision>7</xilinx:coreRevision>
      <xilinx:coreCreationDateTime>2023-05-08T16:03:52Z</xilinx:coreCreationDateTime>
      <xilinx:tags>
        <xilinx:tag xilinx:name="ui.data.coregen.dd@260c4291_ARCHIVE_LOCATION">/home/ransara/Documents/FYP/fyp-77radar/impl/proj_zuplus/ip_repo/buffer1_1.0</xilinx:tag>
        <xilinx:tag xilinx:name="ui.data.coregen.dd@7a675f09_ARCHIVE_LOCATION">/home/ransara/Documents/FYP/fyp-77radar/impl/proj_zuplus/ip_repo/buffer1_1.0</xilinx:tag>
        <xilinx:tag xilinx:name="ui.data.coregen.dd@4d24ce4a_ARCHIVE_LOCATION">/home/ransara/Documents/FYP/fyp-77radar/impl/proj_zuplus/ip_repo/buffer1_1.0</xilinx:tag>
        <xilinx:tag xilinx:name="ui.data.coregen.dd@286b541a_ARCHIVE_LOCATION">/home/ransara/Documents/FYP/fyp-77radar/impl/proj_zuplus/ip_repo/buffer1_1.0</xilinx:tag>
        <xilinx:tag xilinx:name="ui.data.coregen.dd@7ed24ab_ARCHIVE_LOCATION">/home/ransara/Documents/FYP/fyp-77radar/impl/proj_zuplus/ip_repo/buffer1_1.0</xilinx:tag>
        <xilinx:tag xilinx:name="ui.data.coregen.dd@320f888a_ARCHIVE_LOCATION">/home/ransara/Documents/FYP/fyp-77radar/impl/proj_zuplus/ip_repo/buffer1_1.0</xilinx:tag>
        <xilinx:tag xilinx:name="ui.data.coregen.dd@62ff1bf5_ARCHIVE_LOCATION">/home/ransara/Documents/FYP/fyp-77radar/impl/proj_zuplus/ip_repo/buffer1_1.0</xilinx:tag>
        <xilinx:tag xilinx:name="ui.data.coregen.dd@3213049e_ARCHIVE_LOCATION">/home/ransara/Documents/FYP/fyp-77radar/impl/proj_zuplus/ip_repo/buffer1_1.0</xilinx:tag>
        <xilinx:tag xilinx:name="ui.data.coregen.dd@3f92a_ARCHIVE_LOCATION">/home/ransara/Documents/FYP/fyp-77radar/impl/proj_zuplus/ip_repo/buffer1_1.0</xilinx:tag>
        <xilinx:tag xilinx:name="ui.data.coregen.dd@4fc4d728_ARCHIVE_LOCATION">/home/ransara/Documents/FYP/fyp-77radar/impl/proj_zuplus/ip_repo/buffer1_1.0</xilinx:tag>
        <xilinx:tag xilinx:name="ui.data.coregen.dd@64ae0b_ARCHIVE_LOCATION">/home/ransara/Documents/FYP/fyp-77radar/impl/proj_zuplus/ip_repo/buffer1_1.0</xilinx:tag>
        <xilinx:tag xilinx:name="ui.data.coregen.dd@7cfe8301_ARCHIVE_LOCATION">/home/ransara/Documents/FYP/fyp-77radar/impl/proj_zuplus/ip_repo/buffer1_1.0</xilinx:tag>
        <xilinx:tag xilinx:name="ui.data.coregen.dd@bed46b_ARCHIVE_LOCATION">/home/ransara/Documents/FYP/fyp-77radar/impl/proj_zuplus/ip_repo/buffer1_1.0</xilinx:tag>
        <xilinx:tag xilinx:name="ui.data.coregen.dd@19380042_ARCHIVE_LOCATION">/home/ransara/Documents/FYP/fyp-77radar/impl/proj_zuplus/ip_repo/buffer1_1.0</xilinx:tag>
        <xilinx:tag xilinx:name="ui.data.coregen.dd@6feb8881_ARCHIVE_LOCATION">/home/ransara/Documents/FYP/fyp-77radar/impl/proj_zuplus/ip_repo/buffer1_1.0</xilinx:tag>
        <xilinx:tag xilinx:name="ui.data.coregen.dd@6e653434_ARCHIVE_LOCATION">/home/ransara/Documents/FYP/fyp-77radar/impl/proj_zuplus/ip_repo/buffer1_1.0</xilinx:tag>
        <xilinx:tag xilinx:name="ui.data.coregen.dd@778a15a8_ARCHIVE_LOCATION">/home/ransara/Documents/FYP/fyp-77radar/impl/proj_zuplus/ip_repo/buffer1_1.0</xilinx:tag>
        <xilinx:tag xilinx:name="ui.data.coregen.dd@2350004a_ARCHIVE_LOCATION">/home/ransara/Documents/FYP/fyp-77radar/impl/proj_zuplus/ip_repo/buffer1_1.0</xilinx:tag>
        <xilinx:tag xilinx:name="ui.data.coregen.dd@39dc50b9_ARCHIVE_LOCATION">/home/ransara/Documents/FYP/fyp-77radar/impl/proj_zuplus/ip_repo/buffer1_1.0</xilinx:tag>
        <xilinx:tag xilinx:name="ui.data.coregen.dd@405d3ca2_ARCHIVE_LOCATION">/home/ransara/Documents/FYP/fyp-77radar/impl/proj_zuplus/ip_repo/buffer1_1.0</xilinx:tag>
        <xilinx:tag xilinx:name="ui.data.coregen.dd@e3c7892_ARCHIVE_LOCATION">/home/ransara/Documents/FYP/fyp-77radar/impl/proj_zuplus/ip_repo/buffer1_1.0</xilinx:tag>
        <xilinx:tag xilinx:name="ui.data.coregen.dd@37f56389_ARCHIVE_LOCATION">/home/ransara/Documents/FYP/fyp-77radar/impl/proj_zuplus/ip_repo/buffer1_1.0</xilinx:tag>
        <xilinx:tag xilinx:name="ui.data.coregen.dd@4abacb19_ARCHIVE_LOCATION">/home/ransara/Documents/FYP/fyp-77radar/impl/proj_zuplus/ip_repo/buffer1_1.0</xilinx:tag>
        <xilinx:tag xilinx:name="ui.data.coregen.dd@19a7eb08_ARCHIVE_LOCATION">/home/ransara/Documents/FYP/fyp-77radar/impl/proj_zuplus/ip_repo/buffer1_1.0</xilinx:tag>
        <xilinx:tag xilinx:name="ui.data.coregen.dd@4f4df3ee_ARCHIVE_LOCATION">/home/ransara/Documents/FYP/fyp-77radar/impl/proj_zuplus/ip_repo/buffer1_1.0</xilinx:tag>
        <xilinx:tag xilinx:name="ui.data.coregen.dd@466d5eeb_ARCHIVE_LOCATION">/home/ransara/Documents/FYP/fyp-77radar/impl/proj_zuplus/ip_repo/buffer1_1.0</xilinx:tag>
        <xilinx:tag xilinx:name="ui.data.coregen.dd@46a88f88_ARCHIVE_LOCATION">/home/ransara/Documents/FYP/fyp-77radar/impl/proj_zuplus/ip_repo/buffer1_1.0</xilinx:tag>
        <xilinx:tag xilinx:name="ui.data.coregen.dd@44aa8ba0_ARCHIVE_LOCATION">/home/ransara/Documents/FYP/fyp-77radar/impl/proj_zuplus/ip_repo/buffer1_1.0</xilinx:tag>
        <xilinx:tag xilinx:name="ui.data.coregen.dd@1d2e4d92_ARCHIVE_LOCATION">/home/ransara/Documents/FYP/fyp-77radar/impl/proj_zuplus/ip_repo/buffer1_1.0</xilinx:tag>
        <xilinx:tag xilinx:name="ui.data.coregen.dd@59c7fbe2_ARCHIVE_LOCATION">/home/ransara/Documents/FYP/fyp-77radar/impl/proj_zuplus/ip_repo/buffer1_1.0</xilinx:tag>
        <xilinx:tag xilinx:name="ui.data.coregen.dd@8d57e4d_ARCHIVE_LOCATION">/home/ransara/Documents/FYP/fyp-77radar/impl/proj_zuplus/ip_repo/buffer1_1.0</xilinx:tag>
        <xilinx:tag xilinx:name="ui.data.coregen.dd@37fd5f49_ARCHIVE_LOCATION">/home/ransara/Documents/FYP/fyp-77radar/impl/proj_zuplus/ip_repo/buffer1_1.0</xilinx:tag>
        <xilinx:tag xilinx:name="ui.data.coregen.dd@182350c2_ARCHIVE_LOCATION">/home/ransara/Documents/FYP/fyp-77radar/impl/proj_zuplus/ip_repo/buffer1_1.0</xilinx:tag>
        <xilinx:tag xilinx:name="ui.data.coregen.dd@43c7bfaa_ARCHIVE_LOCATION">/home/ransara/Documents/FYP/fyp-77radar/impl/proj_zuplus/ip_repo/buffer1_1.0</xilinx:tag>
        <xilinx:tag xilinx:name="ui.data.coregen.dd@2a6da572_ARCHIVE_LOCATION">/home/ransara/Documents/FYP/fyp-77radar/impl/proj_zuplus/ip_repo/buffer1_1.0</xilinx:tag>
        <xilinx:tag xilinx:name="ui.data.coregen.dd@152d7949_ARCHIVE_LOCATION">/home/ransara/Documents/FYP/fyp-77radar/impl/proj_zuplus/ip_repo/buffer1_1.0</xilinx:tag>
        <xilinx:tag xilinx:name="ui.data.coregen.dd@6ac6010b_ARCHIVE_LOCATION">/home/ransara/Documents/FYP/fyp-77radar/impl/proj_zuplus/ip_repo/buffer1_1.0</xilinx:tag>
        <xilinx:tag xilinx:name="ui.data.coregen.dd@ae11b8_ARCHIVE_LOCATION">/home/ransara/Documents/FYP/fyp-77radar/impl/proj_zuplus/ip_repo/buffer1_1.0</xilinx:tag>
        <xilinx:tag xilinx:name="ui.data.coregen.dd@725c414c_ARCHIVE_LOCATION">/home/ransara/Documents/FYP/fyp-77radar/impl/proj_zuplus/ip_repo/buffer1_1.0</xilinx:tag>
        <xilinx:tag xilinx:name="ui.data.coregen.dd@803f25_ARCHIVE_LOCATION">/home/ransara/Documents/FYP/fyp-77radar/impl/proj_zuplus/ip_repo/buffer1_1.0</xilinx:tag>
        <xilinx:tag xilinx:name="ui.data.coregen.dd@72d27fa1_ARCHIVE_LOCATION">/home/ransara/Documents/FYP/fyp-77radar/impl/proj_zuplus/ip_repo/buffer1_1.0</xilinx:tag>
        <xilinx:tag xilinx:name="ui.data.coregen.dd@25dcc27e_ARCHIVE_LOCATION">/home/ransara/Documents/FYP/fyp-77radar/impl/proj_zuplus/ip_repo/buffer1_1.0</xilinx:tag>
        <xilinx:tag xilinx:name="ui.data.coregen.dd@59e73a3c_ARCHIVE_LOCATION">/home/ransara/Documents/FYP/fyp-77radar/impl/proj_zuplus/ip_repo/buffer1_1.0</xilinx:tag>
        <xilinx:tag xilinx:name="ui.data.coregen.dd@579b7a30_ARCHIVE_LOCATION">/home/ransara/Documents/FYP/fyp-77radar/impl/proj_zuplus/ip_repo/buffer1_1.0</xilinx:tag>
        <xilinx:tag xilinx:name="ui.data.coregen.dd@52f20715_ARCHIVE_LOCATION">/home/ransara/Documents/FYP/fyp-77radar/impl/proj_zuplus/ip_repo/buffer1_1.0</xilinx:tag>
        <xilinx:tag xilinx:name="ui.data.coregen.dd@3f9f7fda_ARCHIVE_LOCATION">/home/ransara/Documents/FYP/fyp-77radar/impl/proj_zuplus/ip_repo/buffer1_1.0</xilinx:tag>
        <xilinx:tag xilinx:name="ui.data.coregen.dd@360920ad_ARCHIVE_LOCATION">/home/ransara/Documents/FYP/fyp-77radar/impl/proj_zuplus/ip_repo/buffer1_1.0</xilinx:tag>
        <xilinx:tag xilinx:name="ui.data.coregen.dd@350de36a_ARCHIVE_LOCATION">/home/ransara/Documents/FYP/fyp-77radar/impl/proj_zuplus/ip_repo/buffer1_1.0</xilinx:tag>
        <xilinx:tag xilinx:name="ui.data.coregen.dd@35850c2a_ARCHIVE_LOCATION">/home/ransara/Documents/FYP/fyp-77radar/impl/proj_zuplus/ip_repo/buffer1_1.0</xilinx:tag>
        <xilinx:tag xilinx:name="ui.data.coregen.dd@1ca25262_ARCHIVE_LOCATION">/home/ransara/Documents/FYP/fyp-77radar/impl/proj_zuplus/ip_repo/buffer1_1.0</xilinx:tag>
        <xilinx:tag xilinx:name="ui.data.coregen.dd@1045d5bb_ARCHIVE_LOCATION">/home/ransara/Documents/FYP/fyp-77radar/impl/proj_zuplus/ip_repo/buffer1_1.0</xilinx:tag>
        <xilinx:tag xilinx:name="ui.data.coregen.dd@37d1e9be_ARCHIVE_LOCATION">/home/ransara/Documents/FYP/fyp-77radar/impl/proj_zuplus/ip_repo/buffer1_1.0</xilinx:tag>
        <xilinx:tag xilinx:name="ui.data.coregen.dd@5214f758_ARCHIVE_LOCATION">/home/ransara/Documents/FYP/fyp-77radar/impl/proj_zuplus/ip_repo/buffer1_1.0</xilinx:tag>
        <xilinx:tag xilinx:name="ui.data.coregen.dd@733f3cf2_ARCHIVE_LOCATION">/home/ransara/Documents/FYP/fyp-77radar/impl/proj_zuplus/ip_repo/buffer1_1.0</xilinx:tag>
        <xilinx:tag xilinx:name="ui.data.coregen.dd@554c8196_ARCHIVE_LOCATION">/home/ransara/Documents/FYP/fyp-77radar/impl/proj_zuplus/ip_repo/buffer1_1.0</xilinx:tag>
        <xilinx:tag xilinx:name="ui.data.coregen.dd@4735d4fd_ARCHIVE_LOCATION">/home/ransara/Documents/FYP/fyp-77radar/impl/proj_zuplus/ip_repo/buffer1_1.0</xilinx:tag>
        <xilinx:tag xilinx:name="ui.data.coregen.dd@57722d92_ARCHIVE_LOCATION">/home/ransara/Documents/FYP/fyp-77radar/impl/proj_zuplus/ip_repo/buffer1_1.0</xilinx:tag>
        <xilinx:tag xilinx:name="ui.data.coregen.dd@4e98343d_ARCHIVE_LOCATION">/home/ransara/Documents/FYP/fyp-77radar/impl/proj_zuplus/ip_repo/buffer1_1.0</xilinx:tag>
        <xilinx:tag xilinx:name="ui.data.coregen.dd@59c98692_ARCHIVE_LOCATION">/home/ransara/Documents/FYP/fyp-77radar/impl/proj_zuplus/ip_repo/buffer1_1.0</xilinx:tag>
        <xilinx:tag xilinx:name="ui.data.coregen.dd@645a45de_ARCHIVE_LOCATION">/home/ransara/Documents/FYP/fyp-77radar/impl/proj_zuplus/ip_repo/buffer1_1.0</xilinx:tag>
        <xilinx:tag xilinx:name="ui.data.coregen.dd@2f778289_ARCHIVE_LOCATION">/home/ransara/Documents/FYP/fyp-77radar/impl/proj_zuplus/ip_repo/buffer1_1.0</xilinx:tag>
        <xilinx:tag xilinx:name="ui.data.coregen.dd@1b4be6e6_ARCHIVE_LOCATION">/home/ransara/Documents/FYP/fyp-77radar/impl/proj_zuplus/ip_repo/buffer1_1.0</xilinx:tag>
        <xilinx:tag xilinx:name="ui.data.coregen.dd@24c585e6_ARCHIVE_LOCATION">/home/ransara/Documents/FYP/fyp-77radar/impl/proj_zuplus/ip_repo/buffer1_1.0</xilinx:tag>
        <xilinx:tag xilinx:name="ui.data.coregen.dd@4715d122_ARCHIVE_LOCATION">/home/ransara/Documents/FYP/fyp-77radar/impl/proj_zuplus/ip_repo/buffer1_1.0</xilinx:tag>
        <xilinx:tag xilinx:name="ui.data.coregen.dd@41efb000_ARCHIVE_LOCATION">/home/ransara/Documents/FYP/fyp-77radar/impl/proj_zuplus/ip_repo/buffer1_1.0</xilinx:tag>
        <xilinx:tag xilinx:name="ui.data.coregen.dd@3a033457_ARCHIVE_LOCATION">/home/ransara/Documents/FYP/fyp-77radar/impl/proj_zuplus/ip_repo/buffer1_1.0</xilinx:tag>
        <xilinx:tag xilinx:name="ui.data.coregen.dd@373aba1e_ARCHIVE_LOCATION">/home/ransara/Documents/FYP/fyp-77radar/impl/proj_zuplus/ip_repo/buffer1_1.0</xilinx:tag>
        <xilinx:tag xilinx:name="ui.data.coregen.dd@7b652481_ARCHIVE_LOCATION">/home/ransara/Documents/FYP/fyp-77radar/impl/proj_zuplus/ip_repo/buffer1_1.0</xilinx:tag>
        <xilinx:tag xilinx:name="ui.data.coregen.dd@2fe5488e_ARCHIVE_LOCATION">/home/ransara/Documents/FYP/fyp-77radar/impl/proj_zuplus/ip_repo/buffer1_1.0</xilinx:tag>
        <xilinx:tag xilinx:name="ui.data.coregen.dd@2c0d11f5_ARCHIVE_LOCATION">/home/ransara/Documents/FYP/fyp-77radar/impl/proj_zuplus/ip_repo/buffer1_1.0</xilinx:tag>
        <xilinx:tag xilinx:name="ui.data.coregen.dd@2244a66c_ARCHIVE_LOCATION">/home/ransara/Documents/FYP/fyp-77radar/impl/proj_zuplus/ip_repo/buffer1_1.0</xilinx:tag>
        <xilinx:tag xilinx:name="ui.data.coregen.dd@185682a0_ARCHIVE_LOCATION">/home/ransara/Documents/FYP/fyp-77radar/impl/proj_zuplus/ip_repo/buffer1_1.0</xilinx:tag>
        <xilinx:tag xilinx:name="ui.data.coregen.dd@3cb6c576_ARCHIVE_LOCATION">/home/ransara/Documents/FYP/fyp-77radar/impl/proj_zuplus/ip_repo/buffer1_1.0</xilinx:tag>
        <xilinx:tag xilinx:name="ui.data.coregen.dd@456e4be4_ARCHIVE_LOCATION">/home/ransara/Documents/FYP/fyp-77radar/impl/proj_zuplus/ip_repo/buffer1_1.0</xilinx:tag>
        <xilinx:tag xilinx:name="ui.data.coregen.dd@439348ec_ARCHIVE_LOCATION">/home/ransara/Documents/FYP/fyp-77radar/impl/proj_zuplus/ip_repo/buffer1_1.0</xilinx:tag>
        <xilinx:tag xilinx:name="ui.data.coregen.dd@5eeb3e5_ARCHIVE_LOCATION">/home/ransara/Documents/FYP/fyp-77radar/impl/proj_zuplus/ip_repo/buffer1_1.0</xilinx:tag>
      </xilinx:tags>
    </xilinx:coreExtensions>
    <xilinx:packagingInfo>
      <xilinx:xilinxVersion>2019.1</xilinx:xilinxVersion>
      <xilinx:checksum xilinx:scope="busInterfaces" xilinx:value="d978904c"/>
      <xilinx:checksum xilinx:scope="fileGroups" xilinx:value="43d0e86d"/>
      <xilinx:checksum xilinx:scope="ports" xilinx:value="6d09f8a8"/>
      <xilinx:checksum xilinx:scope="hdlParameters" xilinx:value="daf52361"/>
      <xilinx:checksum xilinx:scope="parameters" xilinx:value="a8c56b23"/>
    </xilinx:packagingInfo>
  </spirit:vendorExtensions>
</spirit:component>
